Название продукта,Цена продккта,Ссылка на продукт
T-shirt de travail col rond BASIC T Clique,"5,04 €",https://www.vetementpro.com/t-shirts-polos-travail/852-clique-basic-t.html
Tunique femme médicale VIVIANE SNV,"13,05 €",https://www.vetementpro.com/tuniques-spa-bien-etre/1929-snv-viviane.html
Pantalon médical mixte ANDRE SNV,"12,95 €",https://www.vetementpro.com/pantalons-spa-bien-etre/1996-snv-andre.html
Tablier chasuble femme professionnel... SNV,"22,44 €",https://www.vetementpro.com/snv/1970-snv-eloise.html
Pantalon médical stretch pour femme... Cherokee Médical,"32,40 €",https://www.vetementpro.com/pantalons-medicaux/5230-cherokee-WWE4005.html
Pantalon pro femme fabriqué en France... SNV,"29,22 €",https://www.vetementpro.com/pantalons-spa-bien-etre/1999-snv-clemence.html
Tunique médicale stretch pour femme... Cherokee Médical,"29,04 €",https://www.vetementpro.com/tuniques-medicales/5229-tunique-medicale-femme-wwe4728-core-stretch-cherokee.html
Chasuble pro femme réglable par lien... SNV,"18,00 €",https://www.vetementpro.com/chasubles-spa-bien-etre/1976-snv-marion.html
T-shirt de travail femme en coton... Clique,"13,38 €",https://www.vetementpro.com/clique/3688-clique-029317.html
Casaque médicale homme stretch EDS... Dickies Médical,"28,44 €",https://www.vetementpro.com/tuniques-medicales/5227-dickies-medical-DKE645.html
Pantalon professionnel médical mixte MARC Hasson by Molinel,"19,92 €",https://www.vetementpro.com/pantalons-hasson-molinel/2653-molinel-hasson-marc.html
Tunique Courte Femme LILEE Lafont,"36,54 €",https://www.vetementpro.com/tuniques-spa-bien-etre/106-lafont-lilee.html
Tunique médicale sans manche femme VIVIANE SNV,"15,42 €",https://www.vetementpro.com/tuniques-medicales/3822-snv-vivianesm.html
Pantalon médical homme stretch EDS... Dickies Médical,"34,32 €",https://www.vetementpro.com/pantalons-medicaux/5228-dickies-medical-DKE015.html
Tunique médicale femme LISA Robur,"29,57 €",https://www.vetementpro.com/tuniques-spa-bien-etre/1505-robur-lisa.html
Pantalon professionnel slim mixte ELI SNV,"26,04 €",https://www.vetementpro.com/pantalons-spa-bien-etre/1997-snv-eli.html
Tunique Femme semi-cintrée MAITHE Clemix,"9,62 €",https://www.vetementpro.com/tuniques-medicales/794-clemix-maithe.html
Pantalon médical femme stretch EDS... Dickies Médical,"31,80 €",https://www.vetementpro.com/pantalons-medicaux/5226-dickies-medical-DKE010.html
Tunique esthétique femme en Tencel® LUCY SNV,"32,82 €",https://www.vetementpro.com/tuniques-medicales/3820-snv-lucymc.html
Chasuble professionnelle bicolore EZAC Robur,"30,66 €",https://www.vetementpro.com/chasubles-restauration/3219-robur-ezac.html
Casaque médicale femme stretch EDS... Dickies Médical,"25,80 €",https://www.vetementpro.com/tuniques-medicales/5225-dickies-medical-DKE625.html
Tunique esthéticienne respirante MAJESTE Robur,"58,50 €",https://www.vetementpro.com/tuniques-spa-bien-etre/1509-robur-majeste.html
Tunique professionnelle femme colorée CALI Hasson by Molinel,"33,06 €",https://www.vetementpro.com/tuniques-hasson-molinel/2619-molinel-hasson-cali.html
Pantalon médical femme ventre plat JUSTINE SNV,"19,44 €",https://www.vetementpro.com/pantalons-spa-bien-etre/1998-snv-justine.html
